country,avg_log_gdp,volatility_gdp_growth
China,8.243809091333484,2.9249492759748676
Indonesia,7.801917424697162,3.66549679418523
Japan,10.394734658532627,2.050457903954222
"Korea, Rep.",9.937664348195298,3.478949521667937
Malaysia,8.918574411776577,3.9573370298380506
Mongolia,7.78719216340044,5.723041222180271
Philippines,7.725617055665758,3.2631301975791893
Singapore,10.646485923462752,4.10799462779072
Thailand,8.402948960694502,4.0305895823839535
Viet Nam,7.423344024964868,1.562314057075847
